{
  "test_loss": 0.5931008434585525,
  "test_acc": 0.8297872340425532,
  "best_val_acc": 0.8449848024316109
}